# Facts from OSRS Wiki Slayer_task revision unknown; RuneLite Task.java; retrieved 2026-10-07
# task	level	locations	equipment	other	variants	npc aliases	wiki article
Aberrant spectres	60	Slayer Tower; Stronghold Slayer Cave; Catacombs of Kourend	Nose peg Slayer helmet	Quest points Priest in Peril Combat level 65	Superior slayer monster; Abhorrent spectre; Repugnant spectre; Deviant spectre	Spectre	Slayer task/Aberrant_spectres
Abyssal demons	85	Slayer Tower; Abyssal Area; Catacombs of Kourend	N/A	Quest points Priest in Peril or Fairytale II - Cure a Queen Combat level 85	Superior slayer monster; Greater abyssal demon; Abyssal Sire	Abyssal Sire	Slayer task/Abyssal_demons
Ankou	1	Stronghold of Security; The Forgotten Cemetery; Wilderness Slayer Cave; Stronghold Slayer Cave; Catacombs of Kourend	N/A	Combat level 40			Slayer task/Ankou
Aquanites	78	Ynysdail Cavern	N/A	Sailing 73	Superior slayer monster; Elder Aquanite		Slayer task/Aquanites
Araxxor			Check the linked monster guide	Boss / special assignment: check unlocks and task eligibility in the linked guide.			Araxxor
Araxytes	92	Morytania Spider Cave	N/A	Quest points Priest in Peril	Superior slayer monster; Dreadborn Araxyte; Araxxor	Araxxor	Slayer task/Araxytes
Aviansie	1	God Wars Dungeon	Distanced attacks Ranged Magic Halberd	Strength 60 or Agility 60 Watch the birdie	Kree'arra; Flight Kilisa; Flockleader Geerin; Wingman Skree		Slayer task/Aviansie
Aviansies	1	God Wars Dungeon	Distanced attacks Ranged Magic Halberd	Strength 60 or Agility 60 Watch the birdie	Kree'arra; Flight Kilisa; Flockleader Geerin; Wingman Skree	Kree'arra; Flight Kilisa; Flockleader Geerin; Wingman Skree	Slayer task/Aviansie
Bandits	1	Bandit Camp	N/A	Quest points Priest in Peril Combat level 40	Black Heather; Speedy Keith; Donny the lad	Bandit; Black Heather; Donny the Lad; Speedy Keith	Slayer task/Bandits
Banshees	15	Slayer Tower; Catacombs of Kourend	Earmuffs Slayer helmet	Quest points Priest in Peril Combat level 20	Superior slayer monster; Screaming banshee; Screaming twisted banshee; Twisted Banshee		Slayer task/Banshees
Barrows Brothers			Check the linked monster guide	Boss / special assignment: check unlocks and task eligibility in the linked guide.			Barrows_Brothers
Basilisks	40	Fremennik Slayer Dungeon	Mirror shield V's shield	Combat level 40	Superior slayer monster; Monstrous basilisk; Basilisk Sentinel; Basilisk Knight		Slayer task/Basilisks
Bats	1	Paterdomus; Morytania; Coal Trucks	N/A	Combat level 5	Giant bat; Albino bat; Deathwing	Death wing	Slayer task/Bats
Bears	1	East Ardougne; Varrock; Rellekka	N/A	Combat level 13	Black bear; Grizzly bear; Grizzly bear cub; Callisto; Artio	Callisto; Artio	Slayer task/Bears
Birds	1		N/A	N/A	Bird; Chicken; Mounted terrorbird gnome; Rooster; Seagull; Terrorbird; Vulture; Undead chicken; Chompy bird	Chicken; Rooster; Terrorbird; Seagull; Vulture; Duck; Penguin; Baby Roc	Slayer task/Birds
Black demons	1	Taverley Dungeon; Edgeville Dungeon; Brimhaven Dungeon; Catacombs of Kourend; Crash Site Cavern; Wilderness Slayer Cave	N/A	Combat level 80	Demonic gorilla; Balfrug Kreeyath; Skotizo; Porazdir	Demonic gorilla; Balfrug Kreeyath; Skotizo; Porazdir	Slayer task/Black_demons
Black dragons	1	Taverley Dungeon; Lava Maze; Evil Chicken's Lair	Fire protection except for baby dragons Anti-dragon shield Dragonfire shield Antifire potion(4)	Quest points Dragon Slayer I (partially) Combat level 80	Baby black dragon; King Black Dragon; Brutal black dragon		Slayer task/Black_dragons
Black Knights	1	Lava Maze; Venenatis	N/A	N/A		Black Knight	Slayer task/Black_Knights
Bloodveld			Check the linked monster guide	Boss / special assignment: check unlocks and task eligibility in the linked guide.			Bloodveld
Bloodvelds	50	Slayer Tower; God Wars Dungeon; Meiyerditch; Stronghold Slayer Cave; Catacombs of Kourend; Iorwerth Dungeon	N/A	Quest points Priest in Peril Combat level 50	Superior slayer monster; Insatiable Bloodveld; Insatiable mutated Bloodveld; Mutated Bloodveld		Slayer task/Bloodvelds
Blue dragons	1	Taverley Dungeon; Ogre Enclave; Heroes' Guild; Corsair Cove Dungeon; Ruins of Tapoyauik	Fire protection except for baby dragons Anti-dragon shield Dragonfire shield Antifire potion(4)	Quest points Dragon Slayer I (partially) Combat level 65	Baby blue dragon; Brutal blue dragon; Vorkath	Vorkath	Slayer task/Blue_dragons
Brine rats	47	Brine Rat Cavern	Spade to enter the cave	Quest points Olaf's Quest (partially) Combat level 45			Slayer task/Brine_rats
Callisto			Check the linked monster guide	Boss / special assignment: check unlocks and task eligibility in the linked guide.			Callisto
Catablepon	1	Stronghold of Security	N/A	Combat level 35			Slayer task/Catablepon
Cave bugs	7	Lumbridge Swamp Caves; Dorgesh-Kaan South Dungeon	Bullseye lantern (lit) Fire of Eternal Light	N/A			Slayer task/Cave_bugs
Cave crawlers	10	Fremennik Slayer Dungeon; Lumbridge Swamp Caves; Dorgesh-Kaan South Dungeon; Ruins of Tapoyauik	N/A	Combat level 10	Superior slayer monster; Chasm Crawler	Chasm crawler	Slayer task/Cave_crawlers
Cave horrors	58	Mos Le'Harmless Cave	Witchwood icon Bullseye lantern (lit) Fire of Eternal Light	Quest points Cabin Fever Combat level 85	Superior slayer monster; Cave abomination	Cave abomination	Slayer task/Cave_horrors
Cave kraken	87	Kraken Cove	N/A	Combat level 80 50	Kraken	Kraken	Slayer task/Cave_kraken
Cave slimes	17	Lumbridge Swamp Caves; Dorgesh-Kaan South Dungeon	Bullseye lantern (lit) Fire of Eternal Light	Combat level 15			Slayer task/Cave_slimes
Cerberus			Check the linked monster guide	Boss / special assignment: check unlocks and task eligibility in the linked guide.			Cerberus
Chaos druids	1	Edgeville Dungeon; Chaos Temple	N/A	N/A	Elder Chaos druid		Slayer task/Chaos_druids
Cockatrice	25	Fremennik Slayer Dungeon	Mirror shield V's shield	Combat level 25 Defence 20	Superior slayer monster; Cockathrice; Moonlight Cockatrice	Cockathrice	Slayer task/Cockatrices
Cockatrices	25	Fremennik Slayer Dungeon	Mirror shield V's shield	Combat level 25 Defence 20	Superior slayer monster; Cockathrice; Moonlight Cockatrice		Slayer task/Cockatrices
Commander Zilyana			Check the linked monster guide	Boss / special assignment: check unlocks and task eligibility in the linked guide.			Commander_Zilyana
Cows	1	Falador; Al Kharid	N/A	N/A	Cow calf; Undead cow; Buffalo; Brutus	Buffalo; Brutus	Slayer task/Cows
Crabs	1	Fossil Island; Ruins of Tapoyauik; Rellekka; Waterbirth Island; Mount Quidamortem; Isle of Souls; Crabclaw Isle	N/A	N/A	Ammonite Crab; Frost Crab; King Sand Crab; Rock Crab; Sand Crab; Swamp Crab	Ammonite Crab; Frost Crab; King Sand Crab; Rock Crab; Giant Rock Crab; Sand Crab; Swamp Crab	Slayer task/Crabs
Crawling hands	5	Slayer Tower	N/A	Quest points Priest in Peril	Superior slayer monster; Crushing hand	Crushing hand	Slayer task/Crawling_Hands
Crazy Archaeologists			Check the linked monster guide	Boss / special assignment: check unlocks and task eligibility in the linked guide.			Crazy_Archaeologists
Crocodiles	1	River Elid; Kharidian Desert	N/A	Combat level 50			Slayer task/Crocodiles
Custodian Stalkers	54	Stalker Den	N/A	Quest points Shadows of Custodia	Superior slayer monster; Ancient Custodian; Juvenile custodian stalker; Mature custodian stalker; Elder custodian stalker	Ancient Custodian	Slayer task/Custodian_stalkers
Dagannoth	1	Lighthouse; Waterbirth Island Dungeon; Catacombs of Kourend; Jormungand's Prison	N/A	Combat level 75	Dagannoth fledgeling; Dagannoth spawn; Dagannoth Prime; Dagannoth Rex; Dagannoth Supreme		Slayer task/Dagannoth
Dagannoth Kings			Check the linked monster guide	Boss / special assignment: check unlocks and task eligibility in the linked guide.			Dagannoth_Kings
Dark beasts	90	Temple of Light; Mourner tunnels; Iorwerth Dungeon	N/A	Quest points Mourning's End Part II (partially) Combat level 90	Superior slayer monster; Night beast	Night beast	Slayer task/Dark_beasts
Dark warriors	1	Dark Warriors' Fortress	N/A	N/A		Dark warrior	Slayer task/Dark_warriors
Deranged Archaeologist			Check the linked monster guide	Boss / special assignment: check unlocks and task eligibility in the linked guide.			Deranged_Archaeologist
Dogs	1	Ardougne; McGrubor's Wood; Black Arm Gang; Brimhaven; Brimhaven Dungeon	N/A	Combat level 15	Guard dog; Wild dog; Jackal; Temple Guardian	Jackal; Temple Guardian	Slayer task/Dogs
Drakes	84	Karuulm Slayer Dungeon	Boots of stone Boots of Brimstone Granite boots Elite Kourend Diary	Combat level 90	Superior slayer monster; Guardian Drake		Slayer task/Drakes
Duke Sucellus			Check the linked monster guide	Boss / special assignment: check unlocks and task eligibility in the linked guide.			Duke_Sucellus
Dust devils	65	Smoke Dungeon; Catacombs of Kourend; Wilderness Slayer Cave	Facemask Slayer helmet	Quest points Desert Treasure I (partially) Combat level 70	Superior slayer monster; Choke devil	Choke devil	Slayer task/Dust_devils
Dwarves	1	Ice Mountain; Mining Guild; Keldagrim; Dwarven Mine; White Wolf Mountain; Yanille	N/A	Combat level 6	Black Guard; Chaos dwarf	Dwarf; Black Guard	Slayer task/Dwarves
Earth warriors	1	Edgeville Dungeon	N/A	Combat level 35			Slayer task/Earth_Warriors
Elves	1	Lletya; Iorwerth Camp; Prifddinas; Iorwerth Dungeon	N/A	Quest points Regicide Combat level 70	Mourner	Elf; Iorwerth Warrior; Iorwerth Archer	Slayer task/Elves
Ents	1	Chaos Temple	N/A	N/A			Slayer task/Ents
Fever spiders	42	Braindeath Island	Slayer gloves	Quest points Rum Deal (partially) Combat level 40			Slayer task/Fever_spiders
Fire giants	1	Brimhaven Dungeon; Deep Wilderness Dungeon; Smoke Dungeon; Waterfall Dungeon; Stronghold Slayer Cave; Catacombs of Kourend	N/A	Combat level 65	Branda the Fire Queen	Branda the Fire Queen	Slayer task/Fire_giants
Flesh Crawlers	1	Stronghold of Security	N/A	Combat level 15			Slayer task/Flesh_Crawlers
Fleshcrawlers			Check the linked monster guide	Boss / special assignment: check unlocks and task eligibility in the linked guide.		Flesh crawler	Fleshcrawlers
Fossil island wyverns	66	Wyvern Cave	Elemental shield Mind shield Ancient wyvern shield Dragonfire shield Dragonfire ward	Quest points Bone Voyage Combat level 60	Ancient wyvern; Spitting wyvern; Taloned wyvern; Long-tailed wyvern	Ancient wyvern; Long-tailed wyvern; Spitting wyvern; Taloned wyvern	Slayer task/Fossil_Island_Wyverns
Frost dragons	1	Grimstone Dungeon	Anti-dragon shield Dragonfire shield Antifire potion(4)	Combat level 85 Sailing 87			Slayer task/Frost_dragons
Gargoyles	75	Slayer Tower	Rock hammer Rock thrownhammer Granite hammer	Quest points Priest in Peril Combat level 80	Superior slayer monster; Marble gargoyle; Grotesque Guardians	Dusk; Dawn	Slayer task/Gargoyles
General Graardor			Check the linked monster guide	Boss / special assignment: check unlocks and task eligibility in the linked guide.			General_Graardor
Ghosts	1	Varrock Sewers; Draynor Manor; Melzar's Maze; Stronghold of Security; Taverley Dungeon; West Ardougne; Scorpius Shrine; Lair of Tarn Razorlor (dungeon); Death Altar; Haunted Mine; Clan Wars; Forgotten Cemetery; Catacombs of Kourend	N/A	Combat level 13	Tortured soul	Death wing; Tortured soul; Forgotten Soul; Revenant	Slayer task/Ghosts
Ghouls	1	Canifis	N/A	Quest points Priest in Peril Combat level 25			Slayer task/Ghouls
Goblins	1	Lumbridge Caves; Goblin Village; Port Sarim; Digsite; Stronghold of Security; Underground Pass (dungeon); Goblin Cave; Coal Trucks; Myreque Hideout; Mort Myre; God Wars Dungeon; General Graardor; Observatory	N/A	N/A	Sergeant Strongstack; Sergeant Grimspike; Sergeant Steelwill; Cave goblin (monster)	Sergeant Strongstack; Sergeant Grimspike; Sergeant Steelwill	Slayer task/Goblins
Greater demons	1	Entrana Dungeon; Brimhaven Dungeon; Ogre Enclave; Demonic Ruins; Blighted Volcano; Lava Maze Dungeon; Catacombs of Kourend; Isle of Souls Dungeon	N/A	Combat level 70	K'ril Tsutsaroth; Tstanon Karlak; Skotizo; Tormented Demon	K'ril Tsutsaroth; Tstanon Karlak; Skotizo; Tormented Demon	Slayer task/Greater_demons
Green dragons	1	Dark Warriors' Fortress; Graveyard of Shadows; Lava Maze; Black salamander (Hunter)	Fire protection except for baby dragons Anti-dragon shield Dragonfire shield Antifire potion(4)	Quest points Dragon Slayer I (partially) Combat level 52	Baby green dragon; Brutal green dragon; Elvarg	Elvarg	Slayer task/Green_dragons
Gryphons	51	The Summer Shore	Tortugan shield	Quest points Troubled Tortugans Combat level 50	Superior slayer monster; Dire gryphon; Shellbane gryphon		Slayer task/Gryphons
Harpie bug swarms	33	Karamja; Colossal Wyrm Remains	Lit bug lantern	Combat level 45 33			Slayer task/Harpie_bug_swarms
Hellhounds	1	Taverley Dungeon; Deserted Keep; Karuulm Slayer Dungeon; Witchaven Shrine Dungeon; God Wars Dungeon; Blighted Volcano; Stronghold Slayer Cave; Catacombs of Kourend	N/A	Combat level 75	Cerberus	Cerberus	Slayer task/Hellhounds
Hill giants	1	Deep Wilderness Dungeon; Edgeville Dungeon; Gnome Stronghold; Lava Maze; Observatory; Taverley Dungeon; Tree Gnome Village (location); Wilderness; Catacombs of Kourend	N/A	Combat level 25	Cyclops; Obor	Cyclops; Reanimated giant; Obor	Slayer task/Hill_Giants
Hobgoblins	1	Asgarnian Ice Dungeon; Crandor; Hobgoblin Peninsula; Crafting Guild; The Dibber; Hosidius; Edgeville Dungeon; God Wars Dungeon; Karamja Hunter area; Outpost; Rellekka; Tree Gnome Village dungeon; Waterbirth Island; Hobgoblin Mine; Witchaven Dungeon	N/A	Combat level 20			Slayer task/Hobgoblins
Hydras	95	Karuulm Slayer Dungeon	Boots of stone Boots of Brimstone Granite boots Elite Kourend Diary	N/A	Superior slayer monster; Colossal Hydra; Alchemical Hydra		Slayer task/Hydras
Ice giants	1	Asgarnian Ice Caves; Frozen Waste Plateau; White Wolf Mountain	N/A	Combat level 50	Eldric the Ice King	Eldric the Ice King	Slayer task/Ice_giants
Ice warriors	1	White Wolf Mountain; Frozen Waste Plateau; Asgarnian Ice Caves	N/A	Combat level 45	Icelord	Icelord	Slayer task/Ice_warriors
Icefiends	1	Ice Mountain; God Wars Dungeon; Wilderness God Wars Dungeon	N/A	Combat level 20			Slayer task/Icefiends
Infernal mages	45	Slayer tower	N/A	Quest points Priest in Peril Combat level 40	Superior slayer monster; Malevolent Mage	Malevolent mage	Slayer task/Infernal_Mages
Jellies	52	Fremennik Slayer Dungeon; Ruins of Tapoyauik	N/A	Combat level 57	Superior slayer monster; Vitreous Jelly; Vitreous Warped Jelly; Vitreous Chilled Jelly; Warped Jelly; Chilled jelly	Jelly	Slayer task/Jellies
Jungle horrors	1	Mos Le'Harmless	N/A	Quest points Cabin Fever Combat level 65			Slayer task/Jungle_horrors
K'ril Tsutsaroth			Check the linked monster guide	Boss / special assignment: check unlocks and task eligibility in the linked guide.			K'ril_Tsutsaroth
Kalphites	1	Kalphite Lair; Kalphite Cave	N/A	Combat level 15	Kalphite Queen; Kalphite Worker; Kalphite Soldier; Kalphite Guardian		Slayer task/Kalphites
Killerwatts	37	Killerwatt plane	Insulated boots	Quest points Ernest the Chicken Combat level 50			Slayer task/Killerwatts
Kree'arra			Check the linked monster guide	Boss / special assignment: check unlocks and task eligibility in the linked guide.			Kree'arra
Kurask	70	Fremennik Slayer Dungeon; Iorwerth Dungeon	Leaf-bladed weapons Magic Dart Broad arrows Broad bolts	Combat level 65 Ability to use Leaf-bladed weapons	Superior slayer monster; King kurask		Slayer task/Kurasks
Kurasks	70	Fremennik Slayer Dungeon; Iorwerth Dungeon	Leaf-bladed weapons Magic Dart Broad arrows Broad bolts	Combat level 65 Ability to use Leaf-bladed weapons	Superior slayer monster; King kurask		Slayer task/Kurasks
Lava Dragons	1	Lava Dragon Isle	Anti-dragon shield Dragonfire shield Antifire potion(4)	Quest points Dragon Slayer I (partially)		Lava dragon	Slayer task/Lava_dragons
Lesser demons	1	Wizards' Tower; Karamja Dungeon; Crandor; Melzar's Maze; Demonic Ruins; Lava Maze; Catacombs of Kourend; Chasm of Fire	N/A	Combat level 60	Zakl'n Gritch	Zakl'n Gritch	Slayer task/Lesser_demons
Lesser Nagua	48	Neypotzli; Ruins of Tapoyauik; Tonali Cavern	N/A	Quest points Perilous Moons Combat level 70	Amoxliatl; Sulphur Nagua; Frost Nagua; Earthen Nagua	Sulphur Nagua; Frost Nagua; Amoxliatl	Slayer task/Lesser_Nagua
Lizardmen	1	Lizardmen Settlement; Lizardman canyon	N/A	Reptile got ripped unlocked	Lizardman brute; Lizardman shaman	Lizardman	Slayer task/Lizardmen
Lizards	22	Kharidian Desert	Ice cooler ( Desert Lizards ) Boots of stone or equivalent ( Sulphur Lizard )	N/A	Desert Lizard; Grimy Lizard; Lizard; Small Lizard; Sulphur Lizard		Slayer task/Lizards
Magic axes	1	Magic Axe Hut	Lockpick	23			Slayer task/Magic_axes
Mammoths	1	Chaos Temple	N/A	N/A			Slayer task/Mammoths
Metal dragons	1		Anti-dragon shield Dragonfire shield Antifire potion(4)	Quest points Dragon Slayer I (partially) Combat level 85		Bronze dragon; Iron Dragon; Steel dragon; Mithril dragon; Adamant dragon; Rune dragon	Slayer task/Metal_dragons
Minotaurs	1	Stronghold of Security	N/A	Combat level 7			Slayer task/Minotaurs
Mogres	32	Mudskipper Point; Ardent Ocean	(except for swimming Mogres)	Quest points Skippy and the Mogres Combat level 30	Mogre (sea)		Slayer task/Mogres
Molanisks	39	Dorgesh-Kaan South Dungeon	Slayer bell	Quest points Death to the Dorgeshuun Combat level 50			Slayer task/Molanisks
Monkeys	1	Karamja; Mos Le'Harmless; Ardougne Zoo; Crash Site Cavern	N/A	N/A	Monkey Guard; Monkey Archer; Zombie monkey; Tortured gorilla; Demonic gorilla	Tortured gorilla; Demonic gorilla; Padulah	Slayer task/Monkeys
Moss giants	1	Brimhaven Dungeon; Crandor; Fishing Guild; Moss Giant Island; Wilderness; Varrock Sewers; Pirates' Cove; Glarial's Tomb; Catacombs of Kourend; Iorwerth Dungeon	N/A	Combat level 40	Bryophyta	Bryophyta	Slayer task/Moss_giants
Mutated zygomites	57	Fossil Island; Zanaris	Fungicide spray Fungicide	Quest points Lost City Combat level 60	Ancient Zygomite	Zygomite; Fungi	Slayer task/Zygomites
Nechryael	80	Slayer Tower; Catacombs of Kourend; Iorwerth Dungeon; Wilderness Slayer Cave	N/A	Quest points Priest in Peril Combat level 85	Superior slayer monster; Nechryarch; Greater Nechryael	Nechryarch	Slayer task/Nechryael
Ogres	1	Gu'Tanoth; Yanille; Castle Wars; Toban; Chaos Druid Tower; Clock Tower Dungeon; Witchaven Dungeon; Underground Pass (dungeon); Combat Training Camp; God Wars Dungeon	N/A	Combat level 40	Ogre chieftain; Enclave guard; Ogress Shaman; Ogress Warrior	Enclave guard; Mogre; Ogress; Skogre; Zogre	Slayer task/Ogres
Otherworldly beings	1	Zanaris	N/A	Quest points Lost City Combat level 40			Slayer task/Otherworldly_beings
Pirates	1	Pirates' Hideout; Chaos Temple (Wilderness)	N/A	39	Zombie pirate	Pirate	Slayer task/Pirates
Pyrefiends	30	Fremennik Slayer Dungeon; Smoke Dungeon; God Wars Dungeon; Wilderness God Wars Dungeon; Isle of Souls; Sisterhood Sanctuary	N/A	Combat level 25	Superior slayer monster; Flaming pyrelord; Infernal pyrelord; Pyrelord	Flaming pyrelord	Slayer task/Pyrefiends
Rats	1	Varrock Sewers; Brine Rat Cavern	N/A	N/A	Giant rat; Dungeon rat; Crypt rat; Brine rat; Hell-Rat Behemoth; Scurrius		Slayer task/Rats
Red dragons	1	Brimhaven Dungeon; Catacombs of Kourend	Fire protection except for baby dragons Anti-dragon shield Dragonfire shield Antifire potion(4)	Quest points Dragon Slayer I (partially) Seeing red unlocked	Baby red dragon; Brutal red dragon		Slayer task/Red_dragons
Revenants	1	Revenant Caves	N/A	N/A			Slayer task/Revenants
Rockslugs	20	Fremennik Slayer Dungeon; Lumbridge Swamp Caves; Dorgesh-Kaan South Dungeon	Bag of salt Brine sabre	Combat level 20	Superior slayer monster; Giant rockslug		Slayer task/Rockslugs
Rogues	1	Rogues' Castle; Mage Arena	N/A	N/A			Slayer task/Rogues
Sarachnis			Check the linked monster guide	Boss / special assignment: check unlocks and task eligibility in the linked guide.			Sarachnis
Scabarites	1	Sophanem; Agility Pyramid	N/A	Quest points Contact! (partially) Combat level 85	Locust rider; Scarab mage; Scarab swarm; Small scarab	Scarab swarm; Locust rider; Scarab mage; Small Scarab	Slayer task/Scabarites
Scorpia			Check the linked monster guide	Boss / special assignment: check unlocks and task eligibility in the linked guide.			Scorpia
Scorpions	1	Al Kharid Mine; Dwarven mines; Ardougne Zoo; Stronghold of Security; Varrock Sewers; Wilderness; Karamja Volcano	N/A	Combat level 7	King Scorpion; Poison Scorpion; Pit Scorpion; Scorpia; Lobstrosity	Scorpia; Lobstrosity	Slayer task/Scorpions
Sea snakes	1	Miscellania and Etceteria Dungeon	N/A	Quest points Royal Trouble Combat level 50	Sea Snake Hatchling; Sea Snake Young; Giant Sea Snake		Slayer task/Sea_snakes
Shades	1	Mort'ton; Shade Catacombs; Temple Trekking; Catacombs of Kourend	N/A	Combat level 30	Loar Shade; Phrin Shade; Riyl shade; Asyn shade; Fiyr shade; Urium Shade	Loar; Phrin; Riyl; Asyn; Fiyr; Urium	Slayer task/Shades
Shadow warriors	1	Legends' Guild	N/A	Quest points Legends' Quest Combat level 60			Slayer task/Shadow_warriors
Skeletal wyverns	72	Asgarnian Ice Dungeon	Elemental shield Mind shield Ancient wyvern shield Dragonfire shield Dragonfire ward	Quest points Elemental Workshop I Combat level 70			Slayer task/Skeletal_Wyverns
Skeletons	1	Edgeville Dungeon; Draynor Sewers; Karamja Volcano; Ogre Enclave; Stronghold of Security; Taverley Dungeon; Temple of Ikov (dungeon); Varrock Sewers; Waterfall Dungeon; Wilderness Agility Course; Barrows; Melzar's Maze; Blighted Volcano; Ape Atoll Dungeon; Underground Pass (dungeon)	N/A	Combat level 15	Skogre; Skeleton (Ape Atoll); Skeleton Mage; Vet'ion; Calvar'ion	Vet'ion; Calvar'ion; Skeletal Mystic	Slayer task/Skeletons
Smoke devils	93	Smoke Devil Dungeon	Facemask Slayer helmet	Combat level 85	Superior slayer monster; Nuclear smoke devil; Thermonuclear smoke devil		Slayer task/Smoke_devils
Sourhogs	1	Sourhog Cave	Reinforced goggles Slayer helmet	Quest points A Porcine of Interest			Slayer task/Sourhogs
Spiders	1	Melzar's Maze; Sorceress; Lumbridge Castle; Stronghold of Security; Ape Atoll; Ogre Enclave; Wilderness; Karamja; Underground Pass (dungeon); Morytania Spider Cave	N/A	N/A	Giant spider; Shadow spider; Jungle spider; Deadly red spider; Poison spider; Blessed spider; Crypt spider; Temple Spider; Sarachnis; Spindel; Venenatis; Araxyte; Superior slayer monster; Dreadborn Araxyte; Araxxor	Kalrag; Sarachnis; Venenatis; Spindel; Araxxor; Araxyte	Slayer task/Spiders
Spiritual creatures	1	God Wars Dungeon; Wilderness God Wars Dungeon	N/A	Quest points Death Plateau Combat level 60 Strength 60 or Agility 60		Spiritual ranger; Spiritual mage; Spiritual warrior	Slayer task/Spiritual_creatures
Suqahs	1	Lunar Isle	N/A	Quest points Lunar Diplomacy (partially) Combat level 85			Slayer task/Suqahs
Terror dogs	40	Tarn's Lair	N/A	Quest points Haunted Mine Combat level 60			Slayer task/Terror_dogs
The Abyssal Sire			Check the linked monster guide	Boss / special assignment: check unlocks and task eligibility in the linked guide.			Abyssal_Sire
The Alchemical Hydra			Check the linked monster guide	Boss / special assignment: check unlocks and task eligibility in the linked guide.			Alchemical_Hydra
The Cave Kraken Boss			Check the linked monster guide	Boss / special assignment: check unlocks and task eligibility in the linked guide.		Kraken	Cave_Kraken_Boss
The Chaos Elemental			Check the linked monster guide	Boss / special assignment: check unlocks and task eligibility in the linked guide.			Chaos_Elemental
The Chaos Fanatic			Check the linked monster guide	Boss / special assignment: check unlocks and task eligibility in the linked guide.			Chaos_Fanatic
The Giant Mole			Check the linked monster guide	Boss / special assignment: check unlocks and task eligibility in the linked guide.			Giant_Mole
The Grotesque Guardians			Check the linked monster guide	Boss / special assignment: check unlocks and task eligibility in the linked guide.		Dusk; Dawn	Grotesque_Guardians
The Kalphite Queen			Check the linked monster guide	Boss / special assignment: check unlocks and task eligibility in the linked guide.			Kalphite_Queen
The King Black Dragon			Check the linked monster guide	Boss / special assignment: check unlocks and task eligibility in the linked guide.			King_Black_Dragon
The Leviathan			Check the linked monster guide	Boss / special assignment: check unlocks and task eligibility in the linked guide.			Leviathan
The Maggot King			Check the linked monster guide	Boss / special assignment: check unlocks and task eligibility in the linked guide.			Maggot_King
The Phantom Muspah			Check the linked monster guide	Boss / special assignment: check unlocks and task eligibility in the linked guide.			Phantom_Muspah
The Shellbane Gryphon			Check the linked monster guide	Boss / special assignment: check unlocks and task eligibility in the linked guide.			Shellbane_Gryphon
The Thermonuclear Smoke Devil			Check the linked monster guide	Boss / special assignment: check unlocks and task eligibility in the linked guide.			Thermonuclear_Smoke_Devil
The Whisperer			Check the linked monster guide	Boss / special assignment: check unlocks and task eligibility in the linked guide.			Whisperer
Trolls	1	Trollheim; Keldagrim; Death Plateau (location); Neitiznot; Jatizso; Ice Path	N/A	Combat level 60	Mountain troll; Ice troll grunt; Ice troll runt; Ice troll male; Ice troll female; Ice troll; River troll	Dad; Arrg; Stick; Kraka; Pee Hat; Rock; Twig; Berry	Slayer task/Trolls
Turoth	55	Fremennik Slayer Dungeon	Leaf-bladed weapons Magic Dart Broad arrows Broad bolts	Combat level 60 Ability to use Leaf-bladed weapons	Superior slayer monster; Spiked Turoth		Slayer task/Turoth
Tzhaar	1	Mor Ul Rek	N/A	Hot stuff unlocked	TzTok-Jad; TzKal-Zuk	TzTok-Jad; TzKal-Zuk	Slayer task/TzHaar
TzKal-Zuk			Check the linked monster guide	Boss / special assignment: check unlocks and task eligibility in the linked guide.			TzKal-Zuk
TzTok-Jad			Check the linked monster guide	Boss / special assignment: check unlocks and task eligibility in the linked guide.			TzTok-Jad
Vampyres	1	God Wars Dungeon; Wilderness God Wars Dungeon; Haunted Woods; Abandoned Mine; Meyerditch; Darkmeyer; Vampyrium	Efaritay's aid Silver weaponry (Tier 2 Vampyres ) Ivandis flail or better (Tier 3 Vampyres ) Blisterwood flail Hallowed flail Sunspear Blisterwood stake	Quest points Priest in Peril Combat level 35	Superior slayer monster; Blood-starved venator; Venator; Vyrewatch; Vyrewatch Sentinel	Vyrewatch	Slayer task/Vampyres
Vardorvis			Check the linked monster guide	Boss / special assignment: check unlocks and task eligibility in the linked guide.			Vardorvis
Venators	74	Vampyrium	Ivandis flail or better Blisterwood flail Hallowed flail Sunspear Blisterwood stake	Quest points The Blood Moon Rises Combat level 100	Superior slayer monster; Blood-starved venator		Slayer task/Venators
Venenatis			Check the linked monster guide	Boss / special assignment: check unlocks and task eligibility in the linked guide.			Venenatis
Vet'ion			Check the linked monster guide	Boss / special assignment: check unlocks and task eligibility in the linked guide.			Vet'ion
Vorkath			Check the linked monster guide	Boss / special assignment: check unlocks and task eligibility in the linked guide.			Vorkath
Wall beasts	35	Lumbridge Swamp Caves	Spiny helmet Slayer helmet	Combat level 35 Defence 5			Slayer task/Wall_Beasts
Warped Creatures	56	Poison Waste Dungeon	Crystal chime Earmuffs (Terrorbirds) Slayer helmet	Quest points The Path of Glouphrie	Superior slayer monster; Mutated Terrorbird; Mutated Tortoise; Warped Terrorbird; Warped Tortoise	Warped terrorbird; Warped tortoise; Mutated terrorbird; Mutated tortoise	Slayer task/Warped_creatures
Waterfiends	1	Ancient Cavern; Kraken Cove; Iorwerth Dungeon	N/A	Combat level 75			Slayer task/Waterfiends
Werewolves	1	Canifis; God Wars Dungeon; Wilderness God Wars Dungeon	N/A	Quest points Priest in Peril Combat level 60		Werewolf	Slayer task/Werewolves
Wolves	1	Stronghold of Security; White Wolf Mountain; Feldip Hills	N/A	Combat level 20	Big Wolf; Dire wolf; Jungle wolf; Desert Wolf; Ice Wolf	Wolf	Slayer task/Wolves
Wyrms	62	Karuulm Slayer Dungeon; Neypotzli; Charred Island Dungeon	N/A	N/A	Superior slayer monster; Shadow Wyrm; Magma strykewyrm; Lava Strykewyrm; Wyrmling	Wyrmling; Strykewyrm	Slayer task/Wyrms
Zombies	1	Tree Gnome Village (location); Entrana Dungeon; Edgeville Dungeon; Graveyard of Shadows; Stronghold of Security; Varrock Sewers; Wizards' Guild; Draynor Sewers; Lair of Tarn Razorlor (dungeon)	N/A	Combat level 10	Vorkath; Zombie pirate; Undead cow; Undead chicken; Zombie; Zogre; Zombie monkey	Undead; Vorkath; Zogre	Slayer task/Zombies
Zulrah			Check the linked monster guide	Boss / special assignment: check unlocks and task eligibility in the linked guide.			Zulrah
Zygomites	57	Fossil Island; Zanaris	Fungicide spray Fungicide	Quest points Lost City Combat level 60	Ancient Zygomite		Slayer task/Zygomites
